{
  "VideoDescription": {
    "Width": 854,
    "ScalingBehavior": "DEFAULT",
    "Height": 480,
    "TimecodeInsertion": "DISABLED",
    "AntiAlias": "ENABLED",
    "Sharpness": 50,
    "CodecSettings": {
      "Codec": "H_264",
      "H264Settings": {
        "InterlaceMode": "PROGRESSIVE",
        "ParNumerator": 1,
        "NumberReferenceFrames": 3,
        "Syntax": "DEFAULT",
        "Softness": 0,
        "FramerateDenominator": 1,
        "GopClosedCadence": 1,
        "HrdBufferInitialFillPercentage": 90,
        "GopSize": 60,
        "Slices": 1,
        "GopBReference": "ENABLED",
        "HrdBufferSize": 3200000,
        "MaxBitrate": 1600000,
        "SlowPal": "DISABLED",
        "ParDenominator": 1,
        "SpatialAdaptiveQuantization": "ENABLED",
        "TemporalAdaptiveQuantization": "DISABLED",
        "FlickerAdaptiveQuantization": "ENABLED",
        "EntropyEncoding": "CABAC",
        "FramerateControl": "SPECIFIED",
        "RateControlMode": "QVBR",
        "QvbrSettings": {
          "QvbrQualityLevel": 7,
          "MaxAverageBitrate": 1144000
        },
        "CodecProfile": "MAIN",
        "Telecine": "NONE",
        "FramerateNumerator": 30,
        "MinIInterval": 0,
        "AdaptiveQuantization": "MEDIUM",
        "CodecLevel": "AUTO",
        "FieldEncoding": "PAFF",
        "SceneChangeDetect": "TRANSITION_DETECTION",
        "QualityTuningLevel": "MULTI_PASS_HQ",
        "FramerateConversionAlgorithm": "DUPLICATE_DROP",
        "UnregisteredSeiTimecode": "DISABLED",
        "GopSizeUnits": "FRAMES",
        "ParControl": "SPECIFIED",
        "NumberBFramesBetweenReferenceFrames": 3,
        "RepeatPps": "DISABLED",
        "DynamicSubGop": "ADAPTIVE"
      }
    },
    "AfdSignaling": "NONE",
    "DropFrameTimecode": "ENABLED",
    "RespondToAfd": "NONE",
    "ColorMetadata": "IGNORE"
  },
  "AudioDescriptions": [
    {
      "AudioTypeControl": "FOLLOW_INPUT",
      "AudioSourceName": "Audio Selector 1",
      "CodecSettings": {
        "Codec": "AAC",
        "AacSettings": {
          "AudioDescriptionBroadcasterMix": "NORMAL",
          "Bitrate": 128000,
          "RateControlMode": "CBR",
          "CodecProfile": "LC",
          "CodingMode": "CODING_MODE_2_0",
          "RawFormat": "NONE",
          "SampleRate": 48000,
          "Specification": "MPEG4"
        }
      },
      "LanguageCodeControl": "FOLLOW_INPUT"
    }
  ],
  "ContainerSettings": {
    "Container": "M3U8",
    "M3u8Settings": {
      "AudioFramesPerPes": 4,
      "PcrControl": "PCR_EVERY_PES_PACKET",
      "PmtPid": 480,
      "PrivateMetadataPid": 503,
      "ProgramNumber": 1,
      "PatInterval": 0,
      "PmtInterval": 0,
      "Scte35Source": "NONE",
      "NielsenId3": "NONE",
      "TimedMetadata": "NONE",
      "VideoPid": 481,
      "AudioPids": [
        482,
        483,
        484,
        485,
        486,
        487,
        488,
        489,
        490,
        491,
        492
      ]
    }
  }
}