{
    "Queue": "arn:aws:mediaconvert:us-east-1:892399528512:queues/Default",
    "Name": "LANDSCAPE_240_FULL",
    "Settings": {
      "TimecodeConfig": {
        "Source": "ZEROBASED"
      },
      "OutputGroups": [
        {
          "Name": "Apple HLS",
          "Outputs": [
            {
              "Preset": "LANDSCAPE_240_FULL",
              "NameModifier": "_240p"
            }
          ],
          "OutputGroupSettings": {
            "Type": "HLS_GROUP_SETTINGS",
            "HlsGroupSettings": {
              "ManifestDurationFormat": "INTEGER",
              "SegmentLength": 10,
              "TimedMetadataId3Period": 10,
              "CaptionLanguageSetting": "OMIT",
              "TimedMetadataId3Frame": "PRIV",
              "CodecSpecification": "RFC_4281",
              "OutputSelection": "MANIFESTS_AND_SEGMENTS",
              "ProgramDateTimePeriod": 600,
              "MinSegmentLength": 0,
              "MinFinalSegmentLength": 0,
              "DirectoryStructure": "SINGLE_DIRECTORY",
              "ProgramDateTime": "EXCLUDE",
              "SegmentControl": "SEGMENTED_FILES",
              "ManifestCompression": "NONE",
              "ClientCache": "ENABLED",
              "StreamInfResolution": "INCLUDE"
            }
          }
        }
      ],
      "AdAvailOffset": 0,
      "Inputs": [
        {
          "AudioSelectors": {
            "Audio Selector 1": {
              "Offset": 0,
              "DefaultSelection": "DEFAULT",
              "ProgramSelection": 1
            }
          },
          "VideoSelector": {
            "ColorSpace": "FOLLOW",
            "Rotate": "AUTO",
            "AlphaBehavior": "DISCARD"
          },
          "FilterEnable": "AUTO",
          "PsiControl": "USE_PSI",
          "FilterStrength": 0,
          "DeblockFilter": "ENABLED",
          "DenoiseFilter": "ENABLED",
          "TimecodeSource": "ZEROBASED"
        }
      ]
    },
    "AccelerationSettings": {
      "Mode": "DISABLED"
    },
    "StatusUpdateInterval": "SECONDS_60",
    "Priority": 0,
    "HopDestinations": []
  }